<?xml version="1.0" encoding="UTF-8"?>
<project-private xmlns="http://www.netbeans.org/ns/project-private/1">
    <editor-bookmarks xmlns="http://www.netbeans.org/ns/editor-bookmarks/2" lastBookmarkId="0"/>
    <open-files xmlns="http://www.netbeans.org/ns/projectui-open-files/2">
        <group>
            <file>file:/home/alejandro/Programacion/Patterns/Patrones-de-Diseno/PracticaJSP_CitasMedicas/src/java/mx/edu/itoaxaca/citaspacientes/cotrol/Calendario.java</file>
            <file>file:/home/alejandro/Programacion/Patterns/Patrones-de-Diseno/PracticaJSP_CitasMedicas/src/java/mx/edu/itoaxaca/citaspacientes/cotrol/ListaPacientes.java</file>
            <file>file:/home/alejandro/Programacion/Patterns/Patrones-de-Diseno/PracticaJSP_CitasMedicas/src/java/mx/edu/itoaxaca/citaspacientes/cotrol/SelectPaciente.java</file>
        </group>
    </open-files>
</project-private>
